title,industry,address,website
SONAE CAPITAL,"8000, Financials",Sonae Capital Lugar do Espido Via Norte PT-4471-907 Maia Portugal,http://www.sonaecapital.pt
"NOVABASE,SGPS","9000, Technology","Novabase S.G.P.S., S.A. Parque das Naçoes Avenida D. Joao II 34 PT-1998-031 Lisboa Portugal",http://www.novabase.pt
CTT CORREIOS PORT,"2000, Industrials","CTT - Correios de Portugal, S.A. Avenida D. Joao II 13 PT-1999-001 Lisboa Portugal",http://www.ctt.pt/ctt-e-investidores/index.html
EDP RENOVAVEIS,"7000, Utilities",EDP Renováveis Calle Serrano Galvache 56 Edificio Olmo 7th Floor 28033 Madrid Spain,www.edpr.com
REN,"7000, Utilities","REN - Redes Energéticas Nacionais, SGPS, S.A. Avenida Estados Unidos da América 55 PT-1749-061 Lisboa Portugal",http://www.ren.pt
CORTICEIRA AMORIM,"3000, ConsumerGoods","Corticeira Amorim, SGPS, S.A. Edifício Amorim I Rua de Meladas 380 PO Box 20 PT-4536-902 Mozelos Portugal",https://www.amorim.com/en/for-investors/highlights
ALTRI SGPS,"2000, Industrials","Altri, SGPS, S.A. Rua Manuel Pinto de Azevedo 818 PT-4000-320 Porto Portugal",http://www.altri.pt
MOTA ENGIL,"2000, Industrials","Mota-Engil, SGPS, S.A. Rua do Rego Lameiro 38 PT-4300-454 Porto Portugal",http://www.mota-engil.pt
"IMPRESA,SGPS","5000, Consumer Services",Impresa Rua Ribeiro Sanches 65 PT-1200-787 Lisboa Portugal,http://www.impresa.pt
"NOS, SGPS","5000, Consumer Services","NOS, SGPS Campo Grande Rua Actor Antonio Silva 9 PT-1600-404 Lisboa Portugal",http://www.nos.pt
NSI N.V.,"8000, Financials",NSI N.V. 69-75 Antareslaan POBox 3044 NL-2130 KA Hoofddorp Netherlands,http://www.nsi.nl
PHILIPS KON,"4000, HealthCare",Royal Philips Royal Philips 2 Amstelplein PO Box 77900 NL-1070 MX Amsterdam Netherlands,http://www.philips.com
PROVIDENCE RES.,"0001, Oil & Gas","Providence Resources P.l.c. Airfield House Airfield Park D04 CP49 Donnybrook, Dublin Ireland",http://www.providenceresources.com
SEMAPA,"1000, BasicMaterials",Semapa Avenida Fontes Pereira de Melo 14-10° PT-1050-121 Lisboa Portugal,http://www.semapa.pt
CO.BR.HA,"3000, ConsumerGoods","SA Commerciale de Brasserie Co.Br.Ha. Rue Chair et Pain 11 BE-1000 Bruxelles, Bruxelles-Capitale Belgium",https://haacht.com/fr/entreprise/investor-relation
MOPOLI,"8000, Financials",Mopoli 13 J.W. Frisolaan NL-2517 JS Den Haag Netherlands,https://mopolinv.com
TEIXEIRA DUARTE,"2000, Industrials",Teixeira Duarte Lagoas Park Edificio 2 PT-2740-265 Porto Salvo Portugal,http://www.teixeiraduarte.pt
"COFINA,SGPS","5000, Consumer Services","COFINA - SGPS, S.A. Rua Manuel Pinto de Azevedo 818 PT-4100-320 Porto Portugal",http://www.cofina.pt
ABO GROUP,"7000, Utilities","ABO-Group Environment NV Blok G Derbystraat 255 BE-9051 Sint-Denijs-Westrem, Gent, Oost-Vlaanderen Belgium",http://www.abo-group.eu/en
MOURY CONSTRUCT,"2000, Industrials","Moury Construct SA Rue du Moulin 320 BE-4020 Liège, Liège Belgium",http://www.moury-construct.be
TEXAF,"8000, Financials","Texaf Avenue Louise 130A BE-1050 Bruxelles, Bruxelles-Capitale Belgium",http://www.texaf.be
SPADEL,"3000, ConsumerGoods","Spadel Avenue des Communautés 110 BE-1200 Bruxelles, Bruxelles-Capitale Belgium",http://www.spadel.com
IMMO MOURY,"8000, Financials","Immo Moury SCA BTE 71 Rue Sainte-Marie 24 BE-4000 Rocourt, Liège Belgium",http://www.immomoury.com
SOLVAC NOM(RETAIL),"1000, BasicMaterials","Solvac Rue des Champs-Elysées 43 BE-1050 Ixelles, Bruxelles-Capitale Belgium",http://www.solvac.be
WAREHOUSES,"8000, Financials","Warehouses Estates Belgium Sca Avenue Jean Mermoz 29 BE-6041 Gosselies, Charleroi, Hainaut Belgium",http://www.w-e-b.be
MICROSOFT CORP SPL,"9000, Technology","Microsoft Corporation Meydenbauer Center 6th Street 11100 NE WA 98004 Bellevue, Washington United States",http://www.microsoft.com
FLORIDIENNE,"2000, Industrials","Floridienne SA Boîte 4, Bâtiment P Drève Richelle 161 BE-1410 Waterloo, Brabant wallon Belgium",http://www.floridienne.be
VASTNED RETAIL BEL,"8000, Financials","Vastned Retail Belgium Generaal Lemanstraat 74 BE-2600 Berchem, Antwerpen Belgium",http://www.vastned.be
EMAKINA GROUP,"9000, Technology","Emakina Group SA Rue Middelbourg 64A BE-1170 Bruxelles, Bruxelles-Capitale Belgium",http://www.emakina.com
BANIMMO A,"8000, Financials","Banimmo SA Boulevard Bischoffsheim 33 BE-1000 Bruxelles, Bruxelles-Capitale Belgium",http://www.banimmo.be
NEWTREE,"3000, ConsumerGoods","NewTree Boulevard du Souverain 68/2 BE-1170 Bruxelles, Bruxelles-Capitale Belgium",https://www.newtree.com
BQUE NAT. BELGIQUE,"8000, Financials","Banque national de Belgique Boulevard de Berlaimont 14 BE-1000 Bruxelles, Bruxelles-Capitale Belgium",https://www.nbb.be/fr/la-banque-nationale
ZENITEL,"9000, Technology","Zenitel Research Park 110 BE-1731 Zellik, Asse, Vlaams-Brabant Belgium",http://www.zenitel.com
AUDIOVALLEY,"5000, Consumer Services","AudioValley Bâtiment K Boulevard International 55 BE-1070 Anderlecht, Brussel-Hoofdstad Belgium",http://www.radionomygroup.com/fr/contact/
LOTUS BAKERIES,"3000, ConsumerGoods","Lotus Bakeries Gentstraat 1 BE-9971 Lembeke, Kaprijke, Oost-Vlaanderen Belgium",http://www.lotusbakeries.com
ROULARTA,"5000, Consumer Services","Roularta Media Group Meiboomlaan 33 BE-8800 Roeselare, West-Vlaanderen Belgium",http://www.roularta.be
CIE BOIS SAUVAGE,"8000, Financials","Compagnie du Bois Sauvage S.A. Rue du Bois Sauvage 17 BE-1000 Bruxelles, Bruxelles-Capitale Belgium",https://www.bois-sauvage.be/
MIKO,"3000, ConsumerGoods","Miko Steenweg op Mol 177 BE-2300 Turnhout, Antwerpen Belgium",http://www.miko-coffee.com
TISCALI,"9000, Technology","Tiscali S.p.A. Sa Illetta, SS195 Km 2,3 IT-09123 Cagliari, Sardegna Italy",http://www.tiscali.com
SEQUANA MEDICAL,"4000, HealthCare","Sequana Medical Technologiepark 122 BE-9052 Zwijnaarde, Gent, Oost-Vlaanderen Belgium",https://www.sequanamedical.com
IEP INVEST,"2000, Industrials","Iep Invest Noorderlaan 139 BE-2030 Antwerpen, Antwerpen Belgium",http://www.iepinvest.be
VOLKSWAGEN,"3000, ConsumerGoods",Volkswagen PO Box 1970 DE-38436 Wolfsburg Germany,http://www.volkswagen-group.com
VRANKEN-POMMERY,"3000, ConsumerGoods",Vranken-Pommery Monopole 5 Place Général Gouraud BP 1049 FR-51689 Reims Cedex 2 France,http://www.vrankenpommery.fr
GLOBAL GRAPHICS,"9000, Technology","Global Graphics 2030 Cambourne Business Park CB2 36DW Cambridge, Cambridgeshire United Kingdom",http://www.globalgraphics.com
CENERGY,"2000, Industrials","Cenergy Holdings SA Avenue Marnix 30 BE-1000 Bruxelles, Bruxelles-Capitale Belgium",http://www.cenergyholdings.com
ADVICENNE,"4000, HealthCare",Advicenne 2 Rue Briconne FR-30000 Nîmes France,http://advicenne.com
PICANOL,"2000, Industrials","Picanol Steverlyncklaan 15 BE-8900 Ieper, West-Vlaanderen Belgium",http://www.picanolgroup.com
LEASINVEST,"8000, Financials","Leasinvest Real Estate Schermersstraat 42 BE-2000 Antwerpen, Antwerpen Belgium",http://www.leasinvest.be/
TELEFONICA,"6000, Telecommunications",Telefonica Calle Ronda de la Comunicación 2 Distrito Telefónica - Edificio Central ES-28050 Madrid Spain,http://www.telefonica.com
ENI,"0001, Oil & Gas","Eni SpA Piazza Ezio Vanoni 1 IT-20097 San Donato Milanese, Lombardia Italy",https://www.eni.com/en_IT/
SMARTPHOTO GROUP,"3000, ConsumerGoods","Smartphoto Group Kwatrechtsteenweg 160 BE-9230 Wetteren, Oost-Vlaanderen Belgium",https://www.smartphotogroup.com/
HOME INVEST BE.,"8000, Financials","Home Invest Belgium bte 11 Boulevard de la Woluwe 46 BE-1200 Bruxelles, Bruxelles-Capitale Belgium",http://www.homeinvestbelgium.be
CAMPINE,"1000, BasicMaterials","Campine nv Nijverheidsstraat 2 BE-2340 Beerse, Antwerpen Belgium",https://www.campine.com
ATENOR,"8000, Financials","ATENOR Avenue Reine Astrid 92 BE-1310 La Hulpe, Brabant wallon Belgium",http://www.atenor.be
DEXIA,"8000, Financials","Dexia Bastion Tower Place du Champ de Mars 5 BE-1050 Bruxelles, Bruxelles-Capitale Belgium",http://www.dexia.com
TER BEKE,"3000, ConsumerGoods","Ter Beke Beke 1 BE-9950 Waarschoot, Oost-Vlaanderen Belgium",http://www.terbeke.com
SOFTIMAT,"9000, Technology","Softimat Chaussée de Louvain 435 BE-1380 Lasne-Chapelle-Saint-Lambert, Lasne, Brabant wallon Belgium",http://www.softimat.be
JENSEN-GROUP,"2000, Industrials","JENSEN-GROUP Bijenstraat 6 BE-9051 Sint-Denijs-Westrem, Gent, Oost-Vlaanderen Belgium",http://www.jensen-group.com
SIEMENS,,"Siemens AG Werner-von-Siemens-Strasse 1 DE-80333 München, Bayern Germany",http://www.siemens.com
AKKA TECHNOLOGIES,"2000, Industrials","AKKA Technologies SE 3rd - 4th floor Avenue Louise 143 BE-1000 Bruxelles, Bruxelles-Capitale Belgium",https://www.akka-technologies.com/fr
INVENTIVA,"4000, HealthCare",Inventiva 50 Rue de Dijon FR-21121 Daix France,http://www.inventivapharma.com
RESILUX,"2000, Industrials","Resilux Damstraat 4 BE-9230 Wetteren, Oost-Vlaanderen Belgium",http://www.resilux.com
ANTALIS,"1000, BasicMaterials",Antalis 8 Rue de Seine FR-92100 Boulogne-Billancourt France,https://www.antalis.com/finance/investisseurs/
SOPRA STERIA GROUP,"9000, Technology",Sopra Steria Group 9 bis Rue de Presbourg FR-75116 Paris France,http://www.sopragroup.com
CIBOX INTER A CTIV,"9000, Technology",Cibox Inter@ctive 17 Allée Jean-Baptiste Preux FR-94140 Alfortville France,https://www.ciboxcorp.com/
ACTIPLAY (GROUPE),"5000, Consumer Services",Actiplay 1 Cours Xavier Arnozan FR-33000 Bordeaux France,http://en.actiplay.com
CELLECTIS,"4000, HealthCare",Cellectis 8 Rue de la Croix-Jarry FR-75013 Paris France,http://www.cellectis.com
CHARGEURS,"3000, ConsumerGoods",Chargeurs 112 Avenue Kléber FR-75116 Paris France,https://www.chargeurs.fr/
HAMON,"2000, Industrials","Hamon Axisparc Rue Emile Francqui 2 BE-1435 Mont-Saint-Guibert, Brabant wallon Belgium",http://www.hamon.com
FERMENTALG,"1000, BasicMaterials",Fermentalg 4 Rue Rivière FR-33500 Libourne France,https://www.fermentalg.com/fr/
VICAT,"2000, Industrials",Vicat Tour Manhattan 6 Place de l&#039;Iris FR-92095 Paris-la-Défense France,http://www.vicat.fr
TELECOM ITALIA SPA,,"Telecom Italia Via d&#039; Gaetano Negri 1 IT-20123 Milano, Lombardia Italy",http://www.telecomitalia.com
SIPEF,"3000, ConsumerGoods","SIPEF Kasteel Calesberg BE-2900 Schoten, Antwerpen Belgium",http://www.sipef.be
VIOHALCO,"2000, Industrials","Viohalco S.A. Avenue Marnix 30 BE-1000 Bruxelles, Bruxelles-Capitale Belgium",http://www.viohalco.com
ADOMOS,"8000, Financials",Adomos 75 Avenue des Champs-Elysées FR-75008 Paris France,http://www.adomos.com
WERELDHAVE BELGIUM,"8000, Financials","Wereldhave Belgium Medialaan 30-6 BE-1800 Vilvoorde, Vlaams-Brabant Belgium",http://www.wereldhavebelgium.com
IMMOBEL,"8000, Financials","Immobel SA Rue de la Régence 58 BE-1000 Bruxelles, Bruxelles-Capitale Belgium",https://www.immobelgroup.com/en/
VAN DE VELDE,"3000, ConsumerGoods","Van de Velde Lageweg 4 BE-9260 Schellebelle, Wichelen, Oost-Vlaanderen Belgium",http://www.vandevelde.eu
ASCENCIO,"8000, Financials","Ascencio Bâtiment H Avenue Jean Mermoz 1 Boîte 4 BE-6041 Gosselies, Charleroi, Hainaut Belgium",http://www.ascencio.be
FLUXYS BELGIUM D,"0001, Oil & Gas","Fluxys Belgium Avenue des Arts 31 BE-1040 Etterbeek, Bruxelles-Capitale Belgium",http://www.fluxys.com
TITAN CEMENT,"2000, Industrials","Titan Cement International SA Rue de la Loi 23 BE-1040 Bruxelles, Bruxelles-Capitale Belgium",http://www.titan-cement.com
TUBIZE-FIN,"4000, HealthCare","Financière de Tubize Allée de la Recherche 60 BE-1070 Bruxelles, Bruxelles-Capitale Belgium",http://www.financiere-tubize.be
VGP,"8000, Financials","VGP Leonardo Da Vincilaan 19A bus 6 BE-1831 Diegem, Machelen, Vlaams-Brabant Belgium",http://www.vgpparks.eu
CFE,"2000, Industrials","CFE Avenue Herrmann-Debroux 40-42 BE-1160 Bruxelles, Bruxelles-Capitale Belgium",http://www.cfe.be
QRF,"8000, Financials","Qrf Museumstraat 11/211 BE-2000 Antwerpen, Antwerpen Belgium",http://www.qrf.be
CARE PROPERTY INV.,"8000, Financials","Care Property Invest NV Horstebaan 3 BE-2900 Schoten, Antwerpen Belgium",https://carepropertyinvest.be/investeren
SIOEN,"3000, ConsumerGoods","Sioen Industries Fabriekstraat 23 BE-8850 Ardooie, West-Vlaanderen Belgium",http://www.sioen.com
BREDERODE,"8000, Financials",Brederode SA 32 Boulevard Joseph II LU-1840 Luxemburg Luxembourg,https://www.brederode.eu/
E.ON SE,,"E.ON SE Brusseler Platz 1 DE-45131 Essen, Nordrhein-Westfalen Germany",https://www.eon.com/en.html
BALTA GROUP,"3000, ConsumerGoods","Balta Group nv Wakkensteenweg 2 BE-8710 St-Baafs-Vijve, Oost-Vlaanderen Belgium",http://www.baltagroup.com
TESSENDERLO,"1000, BasicMaterials","Tessenderlo Group Troonstraat Rue du Trône Brussels 130 BE-1050 Bruxelles, Bruxelles-Capitale Belgium",http://www.tessenderlogroup.com
TINC,"8000, Financials","TINC Comm. Karel Oomsstraat 37 BE-2018 Antwerpen, Antwerpen Belgium",http://www.tincinvest.com
MONTEA C.V.A.,"8000, Financials","Montea Industriezone Z III Zuid Industrielaan 27 bus 6 BE-9320 Erembodegem, Aalst, Oost-Vlaanderen Belgium",http://www.montea.com
EVS BROADC.EQUIPM.,"2000, Industrials","EVS Broadcast Equipment Liege Science Park Rue Bois Saint-Jean 13 BE-4102 Ougrée, Seraing, Liège Belgium",https://evs.com/en/corporate/investor-relations
CELYAD,"4000, HealthCare","Celyad SA Rue Edouard Belin 2 BE-1435 Mont-Saint-Guibert, Brabant wallon Belgium",https://www.celyad.com/en/home
DECEUNINCK,"2000, Industrials","Deceuninck NV Bruggesteenweg 360 BE-8830 Hooglede, West-Vlaanderen Belgium",http://www.deceuninck.com/en/investors.aspx
ALD,"2000, Industrials",ALD 1-3 Rue Eugene et Armand Peugeot FR-92500 Rueil-Malmaison France,http://www.aldautomotive.com
GROUPE SFPI,"5000, Consumer Services",Groupe SFPI 20 Rue de l&#039;Arc de Triomphe FR-75017 Paris France,http://www.groupe-sfpi.com
MEDIANTECHNOLOGIES,"9000, Technology",Median Technologies Les Deux Arcs - Batiment B 1800 Route des Crêtes FR-06560 Valbonne France,http://www.mediantechnologies.com
MEDICREA INTERNAT.,"4000, HealthCare",Medicrea International 5389 Route de Strasbourg FR-69140 Rillieux-la-Pape France,http://www.medicrea.com
ABC ARBITRAGE,"8000, Financials",ABC arbitrage 18 Rue du Quatre Septembre FR-75002 Paris France,http://www.abc-arbitrage.com
VERGNET,"0001, Oil & Gas",Vergnet S.A. 12 Rue des Châtaigniers FR-45140 Ormes France,http://www.vergnet.com/fr/investisseurs/
SUPERSONIC IMAGINE,"4000, HealthCare",SuperSonic Imagine Les jardins de la Duranne - Bât E et Bât F 510 Rue René Descartes FR-13857 Aix-en-Provence Cedex 3 France,http://www.supersonicimagine.fr
WENDEL,"8000, Financials",Wendel 89 Rue Taitbout FR-75009 Paris France,http://www.wendelgroup.com
PLAST.VAL LOIRE,"1000, BasicMaterials",Plastiques du Val-de-Loire Zone Industrielle Nord Les Vallées BP 38 FR-37130 Langeais France,http://www.plastivaloire.com
QUADIENT,"9000, Technology",Quadient 42-46 Avenue Aristide Briand FR-92220 Bagneux France,https://www.quadient.com/connections
HSBC HOLDINGS,"8000, Financials",HSBC Holdings Plc 8 Canada Square E14 5HQ London United Kingdom,http://www.hsbc.com
OL GROUPE,"5000, Consumer Services",Olympique Lyonnais Groupe Parc Olympique Lyonnais 10 Avenue Simone Veil CS 70712 FR-69153 Décines cedex France,http://www.olweb.fr
SPINEGUARD,"4000, HealthCare",SpineGuard 10/12 Cours Louis Lumière FR-94300 Vincennes France,http://www.spineguard.com
ALTEN,"9000, Technology",Alten 40 Avenue André Morizet FR-92100 Boulogne-Billancourt France,http://www.alten.fr
ALBIOMA,"7000, Utilities",Albioma Tour Opus 12 77 Esplanade du Général de Gaulle FR-92914 La Défense Cedex France,http://www.albioma.com
HERMES INTL,"3000, ConsumerGoods",Hermès International 24 Rue du Faubourg Saint-Honoré FR-75008 Paris France,http://www.hermes-international.com
BIGBEN INTERACTIVE,"3000, ConsumerGoods",Bigben Interactive CRT-2 396/466 Rue de la Voyette FR-59818 Lesquin Cedex France,http://fr.bigben-group.com/
GTT,"0001, Oil & Gas",GTT - Gaztransport et Technigaz 1 route de Versailles FR-78470 Saint-Rémy-lès-Chevreuse France,http://www.gtt.fr
NICOX,"4000, HealthCare","Nicox Drakkar D, 2405 Route des Dolines BP 313 FR-06560 Valbonne France",http://www.nicox.com
AMOEBA,"1000, BasicMaterials",Amoéba 38 Avenue des Frères Mongolfier FR-69680 Chassieu France,http://www.amoeba-biocide.com/fr
PIXIUM VISION,"4000, HealthCare",Pixium Vision 74 Rue du Faubourg Saint Antoine FR-75012 Paris France,http://www.pixium-vision.com
VALNEVA,"4000, HealthCare",Valneva SE 6 Rue Alain Bombard FR-44800 Saint-Herblain France,http://www.valneva.com
TRIGANO,"3000, ConsumerGoods",Trigano 100 Rue Petit FR-75019 Paris France,http://www.trigano-finance.com/fr/finance/chiffres
ADP,"2000, Industrials",Groupe ADP 1 Rue de France FR-93290 Tremblay-en-France France,http://www.groupeadp.fr
SHURGARD,"8000, Financials",Shurgard Self-Storage 6c Rue Gabriel Lippmann LU-5365 Munsbach Luxembourg,https://www.shurgard.eu
INTERVEST OFF-WARE,"8000, Financials","Intervest Offices & Warehouses Uitbreidingstraat 66 BE-2600 Berchem, Antwerpen Belgium",http://www.intervest.be
XIOR,"8000, Financials","Xior Student Housing Mechelsesteenweg 34 box 108 BE-2018 Antwerpen, Antwerpen Belgium",http://www.xior.be/nl/investor
MND,"2000, Industrials",MND Group (Montagne et Neige Développement) 74 voie Magellan FR-73800 Sainte-Hélène-du-Lac France,http://www.mnd-group.com
BONE THERAPEUTICS,"4000, HealthCare","Bone Therapeutics SA Rue Auguste Piccard 37 BE-6041 Gosselies, Charleroi, Hainaut Belgium",http://www.bonetherapeutics.com/
KEYWARE TECH.,"9000, Technology","Keyware Technologies Ikaros Business Park Ikaroslaan 24 BE-1930 Zaventem, Vlaams-Brabant Belgium",http://www.keyware.com
IBA,"4000, HealthCare","Ion Beam Applications SA Chemin du Cyclotron 3 BE-1348 Louvain-la-Neuve, Ottignies-Louvain-la-Neuve, Brabant wallon Belgium",http://www.iba-worldwide.com
BEFIMMO,"8000, Financials","Befimmo SA Parc Goemaere Chaussée de Warve 1945 BE-1160 Bruxelles, Bruxelles-Capitale Belgium",https://www.befimmo.be/fr
GREENYARD,"3000, ConsumerGoods",Greenyard NV Strijbroek 10 BE-2860 Sint-Katelijne-Waver Belgium,http://www.greenyardfoods.com
KINEPOLIS GROUP,"5000, Consumer Services","Kinepolis Group SA Boulevard du Centenaire 20 BE-1020 Bruxelles, Bruxelles-Capitale Belgium",http://www.kinepolis.com
GIMV,"8000, Financials","Gimv NV Karel Oomsstraat 37 BE-2018 Antwerpen, Antwerpen Belgium",http://www.gimv.com
SOFINA,"8000, Financials","Sofina Rue de l&#039; Industriestrasse 31 BE-1040 Bruxelles, Bruxelles-Capitale Belgium",http://www.sofina.be
ASIT,"4000, HealthCare",ASIT biotech SA Rue des Chasseurs Ardennais 7 BE-4031 Liège Belgium,http://asitbiotech.com
QUESTFOR GR-PRICAF,"8000, Financials","Quest for Growth Lei 19 BP Box 3 BE-3000 Leuven, Vlaams-Brabant Belgium",http://www.questforgrowth.com
ORANGE BELGIUM,"6000, Telecommunications","Orange Belgium Avenue du Bourget 3 BE-1140 Bruxelles, Bruxelles-Capitale Belgium",https://corporate.orange.be/fr
ACKERMANS V.HAAREN,"8000, Financials","Ackermans & van Haaren SA Begijnenvest 113 BE-2000 Antwerpen, Antwerpen Belgium",http://www.avh.be
BARCO,"2000, Industrials","Barco NV Beneluxpark 21 BE-8500 Kortrijk, West-Vlaanderen Belgium",http://www.barco.com
OXURION,"4000, HealthCare","Oxurion Gaston Geenslaan 1 BE-3001 Heverlee, Leuven, Vlaams-Brabant Belgium",https://www.oxurion.com
GENKYOTEX,"4000, HealthCare",Genkyotex Forum 2 Archamps Technopole 218 Avenue Marie Curie FR-74166 Saint-Julien- en-Genevois France,https://www.genkyotex.com
RECTICEL,"1000, BasicMaterials","Recticel Avenue des Olympiades 2 BE-1140 Bruxelles, Bruxelles-Capitale Belgium",http://www.recticel.com
KBC ANCORA,"8000, Financials","KBC Ancora Muntstraat 1 BE-3000 Leuven, Vlaams-Brabant Belgium",http://www.kbcancora.be
AEDIFICA,"8000, Financials","Aedifica SA Box 11 Rue Belliard 40 BE-1040 Bruxelles, Bruxelles-Capitale Belgium",http://www.aedifica.be
COFINIMMO,"8000, Financials","Cofinimmo Boulevard de la Woluwe 58 BE-1200 Bruxelles, Bruxelles-Capitale Belgium",http://www.cofinimmo.com
D''IETEREN,"5000, Consumer Services","D'Ieteren Rue du Mail 50 BE-1050 Bruxelles, Bruxelles-Capitale Belgium",http://www.dieteren.com
LATECOERE,"2000, Industrials",Latécoère 135 Rue de Périole BP 25211 FR-31079 Balma Cedex 5 France,http://www.latecoere.fr
S.E.B.,"3000, ConsumerGoods",Groupe Seb 112 Chemin du Moulin Carron BP 172 FR-69130 Écully France,http://www.groupeseb.com
CROSSJECT,"4000, HealthCare",Crossject Parc Mazen-Sully 6 Rue Pauline Kergomard FR-21000 Dijon France,https://www.crossject.com/fr
BENETEAU,"3000, ConsumerGoods",Bénéteau Les Embruns 16 Boulevard de la Mer 319 FR-85803 Saint-Gilles-Croix-de-Vie France,http://www.beneteau-group.com
CATANA GROUP,"3000, ConsumerGoods",Catana Group Zone Technique du Port FR-66140 Canet-en-Roussillon France,http://www.catanagroup.com/fr/
ONXEO,"4000, HealthCare",Onxeo 49 Boulevard du Général Martial Valin FR-75015 Paris France,http://www.onxeo.com
NEXITY,"8000, Financials",Nexity 19 Rue de Vienne FR-75801 Paris Cedex 08 France,http://www.nexity.fr
AGROGENERATION,"3000, ConsumerGoods",AgroGeneration 3 Rue de la Pompe FR-75116 Paris France,http://www.agrogeneration.com
IMPLANET,"4000, HealthCare",Implanet Technopole Bordeaux Montesquieu Allée François Magendie FR-33650 Martillac France,http://www.implanet.com
MULTIMICROCLOUD,"9000, Technology",Multimicrocloud 14 Avenue Henri Becquerel FR-33700 Mérignac France,http://www.multimicro.fr
MAUREL ET PROM,"0001, Oil & Gas",Maurel & Prom 51 Rue d&#039;Anjou FR-75008 Paris France,http://www.maureletprom.fr
DEINOVE,"0001, Oil & Gas","Deinove Cap Sigma, ZAC Euromédecine II 1682 Rue de la Valsière FR-34790 Grabels France",http://www.deinove.com/fr
BIOMERIEUX,"4000, HealthCare",bioMérieux 376 Chemin de l&#039;Orme FR-69280 Marcy l&#039;Etoile France,http://www.biomerieux.com
REMY COINTREAU,"3000, ConsumerGoods",Rémy Cointreau 21 Boulevard Haussmann FR-75009 Paris France,http://www.remy-cointreau.com
ICADE,"8000, Financials",Icade Immeuble Open 27 Rue Camille Desmoulins CS 10166 FR-92445 Issy-les-Moulineaux Cedex France,http://www.icade.fr
TELEPERFORMANCE,"2000, Industrials",Teleperformance 21-25 Rue Balzac FR-75008 Paris France,http://www.teleperformance.com
NOVACYT,"4000, HealthCare",Novacyt 13 Avenue Morane Saulnier FR-78140 Vélizy-Villacoublay France,http://www.novacyt.com
SARTORIUS STED BIO,"4000, HealthCare",Sartorius Stedim Biotech Zone Industrielle les Paluds Avenue de Jouques BP 1051 FR-13781 Aubagne Cedex France,http://www.sartorius-stedim.fr
FNAC DARTY,"5000, Consumer Services",Fnac Darty 9 Rue des Bâteaux-Lavoirs FR-94200 Ivry-sur-Seine France,http://www.fnacdarty.com
RALLYE,"5000, Consumer Services",Rallye 83 Rue du Faubourg Saint-Honoré FR-75008 Paris France,http://www.rallye.fr
TARKETT,"2000, Industrials",Tarkett la Tour Initiale 1 Terrasse Bellini FR-92919 Paris-la-Défense France,http://www.tarkett.com
EURAZEO,"8000, Financials",Eurazeo 1 Rue de Georges Berger FR-75017 Paris France,https://www.eurazeo.com/
BEKAERT,"1000, BasicMaterials","Bekaert SA Bekaertstraat 2 BE-8500 Kortrijk, West-Vlaanderen Belgium",https://www.bekaert.com/
PROLOGUE,"9000, Technology",Prologue 101 Avenue Laurent Cely FR-92230 Gennevilliers France,http://www.prologue.fr
VERIMATRIX,"9000, Technology","Verimatrix Arteparc Bachasson, Bât A Rue de la Carrière de Bachasson FR-13590 Meyreuil France",http://www.verimatrix.com
ACACIA PHARMA,"4000, HealthCare","Acacia Pharma Group Royston Road CB22 4QH Cambridge, Cambridgeshire United Kingdom",http://www.acaciapharma.com
MELEXIS,"9000, Technology","Melexis Rozendaalstraat 12 BE-8900 Ieper, West-Vlaanderen Belgium",http://www.melexis.com
ELIA,"7000, Utilities","Elia System Operator Boulevard de l&#039; Empereur 20 BE-1000 Bruxelles, Bruxelles-Capitale Belgium",http://www.elia.be
BIOCARTIS,"4000, HealthCare","Biocartis Group NV Generaal De Wittelaan 11 B3 BE-2800 Mechelen, Antwerpen Belgium",https://investors.biocartis.com/en/entry
MITHRA,"4000, HealthCare","Mithra Pharmaceuticals Rue Saint-George 5 BE-4000 Rocourt, Liège Belgium",http://www.mithra.com/en/
MDXHEALTH,"4000, HealthCare","MDxHealth SA CAP Business Center Rue d&#039; Abhooz 31 BE-4040 Herstal, Liège Belgium",https://mdxhealth.com/
ACCENTIS,"8000, Financials","Accentis nv Noorderlaan 139 BE-2030 Antwerpen, Antwerpen Belgium",http://www.accentis.com
TELENET GROUP,"5000, Consumer Services","Telenet Group Holding Neerveldstraat 105 BE-1200 Bruxelles, Bruxelles-Capitale Belgium",http://www.telenet.be
ONTEX GROUP,"3000, ConsumerGoods","Ontex Group Korte Keppestraat 21 BE-9320 Erembodegem, Aalst, Oost-Vlaanderen Belgium",http://www.ontexglobal.com
GBL,"8000, Financials","Groupe Bruxelles Lambert Avenue Marnix 24 BE-1000 Bruxelles, Bruxelles-Capitale Belgium",http://www.gbl.be
ARGENX SE,"4000, HealthCare",argenx SE 5 Willemstraat NL-4811 AH Breda Netherlands,http://www.argen-x.com
COLRUYT,"5000, Consumer Services","Colruyt NV Wilgenveld Edingensesteenweg 196 BE-1500 Halle, Vlaams-Brabant Belgium",https://www.colruytgroup.com
BPOST,"2000, Industrials","bpost SA Centre Monnaie - Muntcentrum BE-1000 Bruxelles, Bruxelles-Capitale Belgium",https://corporate.bpost.be
EXMAR,"2000, Industrials","Exmar De Gerlachekaai 20 BE-2000 Antwerpen, Antwerpen Belgium",http://www.exmar.be
AGEAS,"8000, Financials","ageas SA/NV Rue du Marquis 1 BE-1000 Bruxelles, Bruxelles-Capitale Belgium",http://www.ageas.com
NYRSTAR,"1000, BasicMaterials","Nyrstar Zinkstraat 1 BE-2490 Balen, Antwerpen Belgium",http://www.nyrstar.com
COFACE,"8000, Financials",Coface 1 Place Costes et Bellonte FR-92270 Bois-Colombes France,https://www.coface.com/fr
COVIVIO,"8000, Financials",Covivio 18 Avenue François Mitterrand FR-57000 Metz France,https://www.covivio.eu/fr/
ECONOCOM GROUP,"9000, Technology","Econocom Group SE Parc Horizon Chaussée de Louvain 510/B80 BE-1930 Zaventem, Vlaams-Brabant Belgium",http://www.econocom.com
GENSIGHT BIOLOGICS,"4000, HealthCare",GenSight Biologics 74 Rue du Faubourg Saint-Antoine FR-75012 Paris France,http://www.gensight-biologics.com
DRONE VOLT,"2000, Industrials",Drone Volt 14 Rue de la Perdrix FR-93420 Villepinte France,http://www.dronevolt.com
ARCHOS,"3000, ConsumerGoods",ARCHOS Zone Industrielle 12 Rue Ampère FR-91430 Igny France,http://www.archos.com
NEXANS,"2000, Industrials",Nexans 4 Allée de l&#039;Arche FR-92400 Courbevoie France,http://www.nexans.com
RUBIS,"7000, Utilities",Rubis 46 Rue Boissière FR-75116 Paris France,http://www.rubis.fr
METROPOLE TV,"5000, Consumer Services",M6 Métropole Télévision 89 Avenue Charles de Gaulle FR-92200 Neuilly-sur-Seine France,http://www.groupem6.fr/finance/presentations-finan
POXEL,"4000, HealthCare",Poxel Immeuble Le Sunway 259/261 Avenue Jean Jaurès FR-69007 Lyon France,http://www.poxel.com
X-FAB,"9000, Technology","X-FAB Silicon Foundries SE Transportstraat 1 BE-3980 Tessenderlo, Limburg Belgium",https://www.xfab.com/home/
IPSEN,"4000, HealthCare",Ipsen 65 Quai Georges Gorse FR-92100 Boulogne-Billancourt France,http://www.ipsen.com
VERALLIA,"2000, Industrials",Verallia Tour Carpe Diem 31 Place des Corolles FR-92400 Courbevoie France,https://www.verallia.com
ERAMET,"1000, BasicMaterials",Eramet Tour Maine-Montparnasse 10 Boulevard de Grenelle FR-75015 Paris France,https://www.eramet.com/fr/investisseurs
CLARANOVA,"9000, Technology",Claranova Immeuble Vision Défense 89-91 Boulevard National FR-92250 La Garenne-Colombes France,https://claranova.fr
IMERYS,"1000, BasicMaterials",Imerys 43 Quai de Grenelle FR-75015 Paris France,http://www.imerys.com
NANOBIOTIX,"4000, HealthCare",Nanobiotix 60 Rue de Wattignies FR-75012 Paris France,http://www.nanobiotix.com
ORCHESTRA-PREMAMAN,"3000, ConsumerGoods",Orchestra-Prémaman ZAC Saint-Antoine 200 Avenue des Tamaris FR-34130 Saint-Aunès France,http://www.orchestra-kazibao.com
ILIAD,"6000, Telecommunications",Iliad 16 Rue de la FR-75008 Paris France,http://www.iliad.fr
GENFIT,"4000, HealthCare",GENFIT Parc Eurasanté 885 avenue Eugène Avinée 59120 Loos France,http://www.genfit.com
EVOLIS,"9000, Technology",Evolis ZI Angers Beaucouzé 14 Avenue de la Fontaine FR-49070 Beaucouzé France,https://fr.evolis.com/relations-investisseurs
GECINA NOM.,"8000, Financials",Gecina 16 Rue des Capucines FR-75084 Paris Cedex 02 France,http://www.gecina.fr
DBT,"2000, Industrials",DBT Parc Horizon 2000 Rue Jean Monnet FR-62117 Brebières France,http://www.dbt.fr
THE BLOCKCHAIN GP,"5000, Consumer Services",The Blockchain Group 8 Rue Barthelemy Danjou FR-92100 Boulogne-Billancourt France,https://theblockchain-group.com/investors/
SOITEC,"9000, Technology",Soitec Parc Technologique des Fontaines Chemin des Franques FR-38190 Villard-Bonnot France,https://www.soitec.com/fr/investisseurs
AMUNDI,"8000, Financials",Amundi 91-93 Boulevard Pasteur FR-75015 Paris France,http://www.amundi.com
BIC,"3000, ConsumerGoods",Bic 14 Rue Jeanne-d Asnières FR-92611 Clichy Cedex France,http://www.bicworld.com
AGFA-GEVAERT,"2000, Industrials","Agfa-Gevaert Septestraat 27 BE-2640 Mortsel, Antwerpen Belgium",http://www.agfa.com
KBC,"8000, Financials","KBC Groupe Avenue du Port 2 BE-1080 Bruxelles, Bruxelles-Capitale Belgium",https://www.kbc.com
UCB,"4000, HealthCare","UCB Allée de la Recherche 60 BE-1070 Bruxelles, Bruxelles-Capitale Belgium",http://www.ucb.com
PROXIMUS,"6000, Telecommunications","Proximus Boulevard du Roi Albert II 27B BE-1030 Bruxelles, Bruxelles-Capitale Belgium",https://proximus.com
AB INBEV,"3000, ConsumerGoods","Anheuser-Busch InBev Brouwerijplein 1 BE-3000 Leuven, Vlaams-Brabant Belgium",http://www.ab-inbev.com
UMICORE,"1000, BasicMaterials","Umicore Rue du Marais 31 BE-1000 Bruxelles, Bruxelles-Capitale Belgium",http://www.umicore.com
CRESCENT,"9000, Technology","Crescent NV Gaston Geenslaan 14 BE-3001 Heverlee, Leuven, Vlaams-Brabant Belgium",https://www.option.com/
EURONAV,"2000, Industrials","Euronav NV De Gerlachekaai 20 BE-2000 Antwerpen, Antwerpen Belgium",https://www.euronav.com
ARKEMA,"1000, BasicMaterials",Arkema 420 Rue d&#039; FR-92700 Colombes France,http://www.arkema.com
KKO INTERNATIONAL,"3000, ConsumerGoods",KKO International 9 Avenue Bugeaud FR-75116 Paris France,http://www.kko-international.com
ELIOR GROUP,"5000, Consumer Services",Elior Group 9-11 Allée de l&#039;Arche FR-92032 Paris La Défense Cedex France,https://www.eliorgroup.com/
ORPEA,"4000, HealthCare",Orpéa 12 Rue Jean Jaurès FR-92813 Puteaux Cedex France,http://www.orpea-corp.com
MAISONS DU MONDE,"3000, ConsumerGoods",Maisons du Monde Le Portereau Route du Port Aux Meules FR-44120 Vertou France,http://www.maisonsdumonde.com
EIFFAGE,"2000, Industrials",Eiffage 3-7 Place de l&#039;Europe FR-78140 Vélizy-Villacoublay France,https://www.eiffage.com/
BIOPHYTIS,"4000, HealthCare",Biophytis 14 Avenue de l&#039;Opéra FR-75001 Paris France,http://www.biophytis.com
INGENICO GROUP,"9000, Technology",Ingenico Group 28-32 Boulevard de Grenelle FR-75015 Paris France,http://www.ingenico.com
AUPLATA MINING GR,"1000, BasicMaterials","Auplata Mining Group Zone Industrielle de Dégrad des Cannes – Immeuble Simeg FR-97354 Remire-Montjoly, Guyane France",https://auplatamininggroup.com/fr/
SMCP,"3000, ConsumerGoods",SMCP S.A 49 Rue Etienne Marcel FR-75001 Paris France,http://www.smcp.com
KORIAN,"4000, HealthCare",Korian 21-25 Rue Balzac FR-75008 Paris France,http://www.korian.com
CASINO GUICHARD,"5000, Consumer Services",Casino Guichard-Perrachon 1 Cours Antoine Guichard BP 306 FR-42008 Saint-Etienne France,https://www.groupe-casino.fr/
AMPLITUDE SURGICAL,"4000, HealthCare",Amplitude Surgical 11 Cours Jacques Offenbach FR-26000 Valence France,http://www.amplitude-ortho.com
MAUNA KEA TECH,"4000, HealthCare",Mauna Kea Technologies 9 Rue d&#039;Enghien FR-75010 Paris France,http://www.maunakeatech.com
DBV TECHNOLOGIES,"4000, HealthCare",DBV Technologies 177-181 Avenue Pierre Brossolette FR-92120 Montrouge France,https://www.dbv-technologies.com/
KERING,"5000, Consumer Services",Kering 40 Rue de Sèvres FR-75007 Paris France,https://www.kering.com/fr/
JC DECAUX SA.,"5000, Consumer Services",JCDecaux 17 Rue Soyer BP 11 FR-92523 Neuilly-sur-Seine Cedex France,http://www.jcdecaux.com
SODEXO,"5000, Consumer Services",Sodexo 255 Quai de la Bataille de Stalingrad FR-92866 Issy-les-Moulineaux France,http://www.sodexo.com
EKINOPS,"2000, Industrials",Ekinops 3 Rue Blaise Pascal FR-22300 Lannion France,https://www.ekinops.com/fr/investisseurs
ST DUPONT,"3000, ConsumerGoods",ST Dupont 92 Boulevard du Montparnasse FR-75014 Paris France,https://www.st-dupont.com/finances_fr
SOLUTIONS 30 SE,"9000, Technology",Solutions 30 SE 6 Rue Dicks LU-1417 Luxemburg Luxembourg,http://www.solutions30.com
NEOLIFE,"2000, Industrials",Neolife Celtic Parc Bâtiment Avalon II 304 Route Nationale 6 FR-69760 Limonest France,http://neolife-solutions.com
MERCIALYS,"8000, Financials",Mercialys 16-18 Rue du Quatre-Septembre FR-75002 Paris France,http://www.mercialys.com
SOLVAY,"1000, BasicMaterials","Solvay Rue de Ransbeek 310 BE-1120 Bruxelles, Bruxelles-Capitale Belgium",http://www.solvay.com
QUANTUM GENOMICS,"4000, HealthCare",Quantum Genomics 33 Rue Marbeuf FR-75008 Paris France,http://www.quantum-genomics.com
WORLDLINE,"2000, Industrials",Worldline Immeuble River Ouest 80 Quai Voltaire FR-95870 Bezons France,http://worldline.com
PLASTIC OMNIUM,"3000, ConsumerGoods",Plastic Omnium 19 Boulevard Jules Carteret FR-69007 Lyon France,http://www.plasticomnium.com
ALTRAN TECHN.,"9000, Technology",Altran Technologies 96 Avenue Charles de Gaulle FR-92200 Neuilly-sur-Seine France,http://www.altran.com
EDENRED,"2000, Industrials",Edenred Immeuble Colombus 166-180 Boulevard Gabriel Péri FR-92240 Malakoff France,https://www.edenred.com/fr
DERICHEBOURG,"2000, Industrials",Derichebourg 119 Avenue du Général Michel Bizot FR-75579 Paris Cedex 12 France,https://www.derichebourg.com/fr/accueil
NOKIA,"9000, Technology",Nokia Oyj Karakaari 7 PO Box 226 FI-02610 Espoo Finland,https://www.nokia.com/about-us/investors/
PERNOD RICARD,"3000, ConsumerGoods",Pernod Ricard 12 Place des Etats-Unis FR-75783 Paris Cedex 16 France,http://www.pernod-ricard.com
UBISOFT ENTERTAIN,"3000, ConsumerGoods",Ubisoft Entertainment 107 Avenue Henri Fréville FR-35207 Rennes Cedex 2 France,http://www.ubisoftgroup.com
ELIS,"2000, Industrials",Elis 5 Boulevard Louis Loucheur FR-92210 Saint-Cloud France,https://corporate-elis.com/relations-investisseurs
EUROPCAR MOBILITY,"5000, Consumer Services",Europcar Mobility Group 13 ter Boulevard Berthier FR-75017 Paris France,https://europcar-mobility-group.com
DASSAULT SYSTEMES,"9000, Technology",Dassault Systèmes 10 Rue Marcel Dassault BP 310 FR-78140 Vélizy-Villacoublay France,https://www.3ds.com/
INNATE PHARMA,"4000, HealthCare",Innate Pharma 117 Avenue de Luminy BP 30191 FR-13009 Marseille France,http://www.innate-pharma.com
SPIE,"2000, Industrials",SPIE 10 Avenue de l&#039;Entreprise FR-95863 Cergy-Pontoise Cedex France,http://www.spie.com/en/finance-en
MICHELIN,"3000, ConsumerGoods",Michelin 23 Place des Carmes-Déchaux FR-63040 Clermont-Ferrand Cedex 9 France,http://www.michelin.com
SCOR SE,"8000, Financials",Scor SE 5 Avenue Kléber FR-75795 Paris France,http://www.scor.com
LAGARDERE S.C.A.,"5000, Consumer Services",Lagardère 4 Rue de Presbourg FR-75116 Paris France,http://www.lagardere.com
CNP ASSURANCES,"8000, Financials",CNP Assurances 4 Place Raoul Dautry FR-75716 Paris Cedex 15 France,https://www.cnp.fr/
EOS IMAGING,"4000, HealthCare",EOS Imaging 10 Rue Mercoeur FR-75011 Paris France,https://www.eos-imaging.com/
GENOMIC VISION,"4000, HealthCare","Genomic Vision Green Square, Batiment E 80-84 Rue des Meuniers FR-92220 Bagneux France",http://www.genomicvision.com
GAUSSIN,"2000, Industrials",Gaussin 11 Rue du 47eme Regiment d Artillerie FR-70400 Héricourt France,http://www.gaussin.com
THALES,"2000, Industrials",Thales Tour Carpe Diem 31 Place des Corolles FR-92400 Courbevoie France,http://www.thalesgroup.com
CAPGEMINI,"9000, Technology",Capgemini SE 11 Rue de Tilsitt FR-75017 Paris France,https://www.capgemini.com/
LEGRAND,"2000, Industrials",Legrand 128 Avenue de Lattre de Tassigny FR-87045 Limoges Cedex France,http://www.legrand.com
ESSILORLUXOTTICA,"4000, HealthCare",EssilorLuxottica 147 Rue de Paris FR-94220 Charenton-Le-Pont France,https://www.essilorluxottica.com
EUTELSAT COMMUNIC.,"5000, Consumer Services",Eutelsat Communications 70 Rue Balard FR-75015 Paris France,http://www.eutelsat-communications.com
ALSTOM,"2000, Industrials",Alstom 48 Rue Albert Dhalenne FR-93400 Saint-Ouen France,http://www.alstom.com
L''OREAL,"3000, ConsumerGoods",L&#039;Oréal 14 Rue Royale FR-75008 Paris France,http://www.loreal-finance.com
FAURECIA,"3000, ConsumerGoods",Faurecia 23-27 Avenue des Champs Pierreux FR-92000 Nanterre France,http://www.faurecia.com
HYBRIGENICS,"4000, HealthCare",Hybrigenics 3-5 Impasse Reille FR-75014 Paris France,http://www.hybrigenics.com
ATOS,"9000, Technology",AtoS River Ouest 80 Quai Voltaire FR-95870 Bezons France,https://atos.net/fr/
TECHNICOLOR,"5000, Consumer Services",Technicolor 8-10 Rue du Renard FR-75004 Paris France,http://www.technicolor.com
BUREAU VERITAS,"2000, Industrials",Bureau Veritas SA Immeuble Newtime 40/52 Boulevard du Parc FR-92200 Neuilly-sur-Seine France,https://group.bureauveritas.com/fr
ACCOR,"5000, Consumer Services",Accor 82 Rue Henri Farman FR-92130 Issy-les-Moulineaux France,https://group.accor.com
KLEPIERRE,"8000, Financials",Klépierre 26 Boulevard des Capucines CS 20062 FR-75009 Paris France,http://www.klepierre.com
TF1,"5000, Consumer Services",TF1 1 Quai du Point du Jour FR-92100 Boulogne-Billancourt France,http://www.groupe-tf1.fr
SAFRAN,"2000, Industrials",Safran 2 Boulevard du Général Martial Valin FR-75015 Paris France,http://www.safran-group.com
LVMH,"3000, ConsumerGoods",LVMH Moët Hennessy Vuitton SE 22 Avenue Montaigne FR-75008 Paris France,http://www.lvmh.fr
ACHETER-LOUER.FR,"5000, Consumer Services",Acheter-Louer.fr Activités de Courtaboeuf - Parc Technopolis 3 Avenue du Canada FR-91940 Les Ulis France,http://www.acheter-louer.fr
AIR LIQUIDE,"1000, BasicMaterials",Air Liquide 75 Quai d&#039;Orsay FR-75321 Paris Cedex 07 France,http://www.airliquide.com
BIOM UP SA,"4000, HealthCare",Biom&#039;Up 8 Allée Irene Joliot Curie FR-69800 Saint-Priest France,http://www.biomup.com/fr
ATARI,"3000, ConsumerGoods",Atari 25 Rue Godot de Mauroy FR-75009 Paris France,http://www.atari-investisseurs.fr
SES,"5000, Consumer Services",SES Château de Betzdorf LU-6815 Betzdorf Luxembourg,http://www.ses.com
AIRBUS,"2000, Industrials","Airbus SE 30 Mendelweg NL-2333 CS Leiden, Zuid-Holland Netherlands",http://www.airbus.com
TECHNIPFMC,"0001, Oil & Gas",TechnipFMC 1 Paul&#039;&#039;s Churchyard Street EC4M 8AP London United Kingdom,http://www.technipfmc.com/
DANONE,"3000, ConsumerGoods",Danone 17 Boulevard Haussmann FR-75009 Paris France,https://www.danone.com/
VEOLIA ENVIRON.,"7000, Utilities",Veolia Environnement 21 Rue La Boétie FR-75008 Paris France,http://www.veolia.com/fr
DELTA DRONE,"2000, Industrials",Delta Drone 8 Chemin du Jublin FR-69570 Dardilly France,http://www.deltadrone.com
REXEL,"2000, Industrials",Rexel 13 Boulevard du Fort de Vaux FR-75838 Paris Cedex 17 France,http://www.rexel.com
BOLLORE,"2000, Industrials",Bolloré Tour Bolloré 31-32 Quai de Dion Bouton FR-92811 Puteaux Cedex France,http://www.bollore.com
VINCI,"2000, Industrials",Vinci 1 Cours Ferdinand de Lesseps FR-92851 Rueil-Malmaison Cedex France,http://www.vinci.com
SUEZ,"7000, Utilities",Suez Tour CB 21 16 Place de l&#039;Iris FR-92040 Paris-la-Défense France,https://www.suez.com/fr
EDF,"7000, Utilities",Electricité de France 22-30 Avenue de Wagram FR-75008 Paris France,https://www.edf.fr/groupe-edf
SCHNEIDER ELECTRIC,"2000, Industrials",Schneider Electric SE 35 Rue Joseph Monier FR-92500 Rueil-Malmaison France,https://www.schneider-electric.com
VALEO,"3000, ConsumerGoods",Valeo 43 Rue Bayen FR-75848 Paris Cedex 17 France,http://www.valeo.com
NEOVACS,"4000, HealthCare",Neovacs 3-5 Impasse Reille FR-75014 Paris France,http://www.neovacs.fr
RENAULT,"3000, ConsumerGoods",Renault 13-15 Quai Le Gallo FR-92100 Boulogne-Billancourt France,https://group.renault.com/finance/
GETLINK SE,"2000, Industrials",Getlink 3 Rue la Boétie FR-75008 Paris France,https://www.getlinkgroup.com/fr/home/
BOUYGUES,"2000, Industrials",Bouygues 32 Avenue Hoche FR-75008 Paris France,http://www.bouygues.com
SOLOCAL GROUP,"5000, Consumer Services",SoLocal Group 204 Rond-Point du Pont de Sèvres FR-92100 Boulogne-Billancourt France,http://www.solocal.com
SANOFI,"4000, HealthCare",Sanofi 54 Rue la Boétie FR-75008 Paris France,http://www.sanofi.com
PEUGEOT,"3000, ConsumerGoods",Peugeot 7 Rue Henri Sainte-Claire Deville FR-92500 Rueil-Malmaison France,http://www.psa-peugeot-citroen.com
CARREFOUR,"5000, Consumer Services",Carrefour 93 Avenue de Paris FR-91300 Massy France,http://www.carrefour.com/fr/content/finance
VIVENDI,"5000, Consumer Services",Vivendi 42 Avenue de Friedland FR-75380 Paris Cedex 08 France,http://www.vivendi.com
PUBLICIS GROUPE SA,"5000, Consumer Services",Publicis Groupe 133 Avenue des Champs-Elysées FR-75008 Paris France,http://www.publicisgroupe.com
CGG,"0001, Oil & Gas",CGG 27 Avenue Carnot FR-91300 Massy France,https://www.cgg.com/en
GECI INTL,"9000, Technology",GECI International 37-39 Rue Boissière FR-75116 Paris France,http://www.geci.net
BNP PARIBAS ACT.A,"8000, Financials",BNP Paribas 16 Boulevard des Italiens FR-75009 Paris France,http://www.bnpparibas.com
SOCIETE GENERALE,"8000, Financials",Société Générale 29 Boulevard Haussmann FR-75009 Paris France,http://www.societegenerale.com
AVENIR TELECOM,"9000, Technology",Avenir Telecom S.A. Les Rizeries 208 Boulevard de Plombières FR-13581 Marseille Cedex 20 France,http://www.avenir-telecom.com
STMICROELECTRONICS,"9000, Technology","STMicroelectronics 39 Chemin du Champ-des-Filles CH-1228 Plan-les-Ouates, Genève Switzerland",http://www.st.com
TOTAL,"0001, Oil & Gas",Total 2 Place Jean Millier FR-92078 Paris-la-Défense France,http://www.total.com
VALLOUREC,"2000, Industrials",Vallourec 27 Avenue du Général Leclerc FR-92100 Boulogne-Billancourt France,http://www.vallourec.fr
ENGIE,"7000, Utilities",ENGIE 1 Place Samuel de Champlain FR-92400 Courbevoie France,https://www.engie.com/
ORANGE,"6000, Telecommunications",Orange 78 Rue Olivier de Serres FR-75015 Paris France,http://www.orange.com
CREDIT AGRICOLE,"8000, Financials",Crédit Agricole 12 Place des Etats-Unis FR-92120 Montrouge France,http://www.credit-agricole-sa.fr
AXA,"8000, Financials",AXA 25 Avenue Matignon FR-75008 Paris France,http://www.axa.com
NATIXIS,"8000, Financials",Natixis 30 Avenue Pierre Mendès FR-75013 Paris France,http://www.natixis.com
VISIOMED GROUP,"4000, HealthCare",Visiomed Group 112 Avenue Kléber FR-75116 Paris France,https://visiomed-group.com
CYBERGUN,"3000, ConsumerGoods",Cybergun 40 Boulevard Henri Sellier FR-92150 Suresnes France,http://www.cybergun.com
SAFE ORTHOPAEDICS,"4000, HealthCare","Safe Orthopaedics Parc des Bellevues, Bâtiment le Californie Allée Rosa Luxemburg FR-95610 Éragny France",http://www.safeorthopaedics.com
EUROPLASMA,"2000, Industrials",Europlasma 471 Route de Cantgrit BP 23 FR-40110 Morcenx France,http://www.europlasma.com
SPINEWAY,"4000, HealthCare",Spineway SA Bâtiment 7 7 Allée du Moulin Berger FR-69130 Écully France,http://www.spineway.com/finance/?display=en
BRILL KON,"5000, Consumer Services","Brill NV 2 Plantijnstraat Po Box 9000 NL-2300 PA Leiden, Zuid-Holland Netherlands",https://brill.com/
ENVIPCO,"2000, Industrials",Envipco Holding N.V. 10 Arnhemseweg NL-3817 CH Amersfoort Netherlands,https://www.envipco.com/
HOLLAND COLOURS,"1000, BasicMaterials",Holland Colours NV 1 Halvemaanweg PO Box 720 NL-7323 RW Apeldoorn Netherlands,http://www.hollandcolours.com
CORE LABORATORIES,"0001, Oil & Gas","Core Laboratories NV Tower A, Level 9 913 Strawinskylaan NL-1077 XX Amsterdam Netherlands",https://www.corelab.com/
IEX GROUP NV,"3000, ConsumerGoods","IEX Group N.V. Zuidpark, 52 Spaklerweg NL-1114 AE Amsterdam Netherlands",http://www.iexgroup.nl
STERN GROEP,"5000, Consumer Services",Stern Groep 4th floor 6 Pieter Braaijweg PO Box 94949 NL-1090 GX Amsterdam Netherlands,http://www.sterngroep.nl
SNOWWORLD,"5000, Consumer Services",SnowWorld 30 Buytenparklaan NL-2717 AX Zoetermeer Netherlands,http://www.snowworld.com
NOVISOURCE,"2000, Industrials",Novisource N.V. Hoogoorddreef 56L 1101 BE Amsterdam Netherlands,http://www.novisource.nl
HYDRATEC,"2000, Industrials",Hydratec Industries NV 59B Nijverheidsweg Noord POBox 328 NL-3812 PK Amersfoort Netherlands,http://www.hydratec.nl
ORANJEWOUD A,"2000, Industrials",Oranjewoud 8 Antwerpseweg POBox 338 NL-2800 AH Gouda Netherlands,http://www.oranjewoudnv.nl
FNG NV,"3000, ConsumerGoods","FNG NV Bautersemstraat 68A BE-2800 Mechelen, Antwerpen Belgium",http://www.fng.eu
LAVIDE HOLDING,"9000, Technology",Lavide Holding N.V. 67 Herendreef NL-4527 AZ Aardenburg Netherlands,http://www.lavideholding.com
LUCASBOLS,"3000, ConsumerGoods",Lucas Bols N.V. 14 Paulus Potterstraat NL-1071 CZ Amsterdam Netherlands,http://www.lucasbols.com
EUROCASTLE INVEST.,"8000, Financials","Eurocastle Investment Limited Regency Court ,Glategny Esplanade St Peter Port GY1 1WW Guernsey, Channel Islands Guernsey",http://www.eurocastleinv.com
NEDAP,"2000, Industrials",Nedap N.V. 2 Parallelweg PO Box 6 NL-7141 DC Groenlo Netherlands,http://www.nedap.com
HUNTER DOUGLAS,"3000, ConsumerGoods","Hunter Douglas NV 2 Piekstraat PO Box 5072 NL-3071 EL Rotterdam, Zuid-Holland Netherlands",http://www.hunterdouglasgroup.com
ICT GROUP,"9000, Technology",ICT Group 9 Kopenhagen Postbus 121 NL-2993 LL Barendrecht Netherlands,http://www.ict.nl
KAS BANK,"8000, Financials",Kas Bank 500 De Entree PO Box 24001 NL-1101 EE Amsterdam Netherlands,http://www.kasbank.com
VALUE8,"8000, Financials",Value8 N.V. 33 Brediusweg PO Box 26 NL-1400 AA Bussum Netherlands,http://www.value8.com
PORCELEYNE FLES,"3000, ConsumerGoods",Porceleyne Fles 196 Rotterdamseweg Postbus 11 NL-2628 AR Delft Netherlands,http://www.royaldelft.com
CTAC,"9000, Technology",Ctac NV 11 Meerendonkweg PO Box 773 NL-5216 TZ Hertogenbosch Netherlands,http://www.ctac.nl
VIVORYON,"4000, HealthCare","Vivoryon Therapeutics AG Weinbergweg 22 DE-06120 Halle, Sachsen-Anhalt Germany",https://www.vivoryon.com
TETRAGON FIN GRP,"8000, Financials","Tetragon Financial Group 1st Floor, Dorey Court Admiral Park GY1 6HJ St. Peter Port, Guernsey, Channel Islands United Kingdom",http://www.tetragoninv.com
DGB GROUP N.V.,"2000, Industrials",DGB Group N.V. 1a Lange Spruit NL-7773 NE Hardenberg Netherlands,https://dgbgroup.nl/investor-relations/
RETAIL ESTATES,"8000, Financials","Retail Estates Industrielaan 6 BE-1740 Ternat, Vlaams-Brabant Belgium",http://www.retailestates.com
AJAX,"5000, Consumer Services",AFC Ajax 29 Boulevard Arena Po Box 12522 NL-1101 AX Amsterdam Netherlands,http://www.ajax.nl
HAL TRUST,"8000, Financials",Hal Trust 5 Avenue des Citronniers MC-98000 Monaco Cedex Monaco,http://www.halholding.com
AND INTERNATIONAL,"5000, Consumer Services",AND International Publishers N.V. 9th floor 75 Rivium Quandrant NL-2909 LC Capelle aan den Ljssel Netherlands,http://www.and.com
DUTCH STAR C SHAR,"8000, Financials",Dutch Star Companies ONE N.V. 2E Hondecoeterstraat NL-1071 LR Amsterdam Netherlands,https://www.dutchstarcompanies.com/home.html
SLIGRO FOOD GROUP,"5000, Consumer Services",Sligro Food Group 11 Corridor PO Box 47 NL-5460 AA Veghel Netherlands,http://www.sligrofoodgroup.com
NEWAYS ELECTRONICS,"2000, Industrials",Neways Electronics International 5010 Science Park Eindhoven PO Box 69 NL-5690 AB Son Netherlands,http://www.neways.nl
ALFEN,"2000, Industrials",Alfen 28 Hefbrugweg PO Box 1042 NL-1332 AP Almere Netherlands,https://alfen.com/en
FASTNED,"5000, Consumer Services",Fastned B.V. 77-79 James Wattstraat NL-1097 DL Amsterdam Netherlands,https://fastned.nl/en
ACCELL GROUP,"3000, ConsumerGoods",Accell Group 4 Industrieweg Po Box 435 NL-8444 AR Heerenveen Netherlands,http://www.accell-group.com
EASE2PAY NV,"3000, ConsumerGoods","Ease2pay N.V. 16 Marconistraat NL-3029 AK Rotterdam, Zuid-Holland Netherlands",https://investor.ease2pay.eu/
KENDRION,"2000, Industrials",Kendrion N.V. Vesta Building - 5th floor 213 Herikerbergweg NL-1101 CN Amsterdam Netherlands,http://www.kendrion.com
NEW SOURCES ENERGY,"9000, Technology","New Sources Energy 11 Schothosterlaan NL-3822 NA Amersfoort, Utrecht Netherlands",http://www.newsourcesenergy.com
VASTNED,"8000, Financials",Vastned Retail N.V. 7 de Boelelaan PO Box 22276 NL-1100 CG Amsterdam Netherlands,http://www.vastned.com
COCA-COLA EUROPEAN,"3000, ConsumerGoods","Coca-Cola European Partners plc Pemberton House 20-22 Bakers Road UB8 1EZ Uxbridge, Greater London United Kingdom",https://www.ccep.com
SIF HOLDING,"0001, Oil & Gas",Sif Group 33 Mijnheerkensweg PO Box 522 NL-6040 AM Roermond Netherlands,http://sif-group.com/en/
VOLTA FINANCE,"8000, Financials","Volta Finance BNP Paribas House St Julian s Avenue, St Peter Port GY1 1WG Guernsey, Channel Islands Guernsey",http://www.voltafinance.com
MKB Nedsense,"9000, Technology",NedSense Enterprises n.v. 2B Laanakkerweg PO Box 44 NL-4131 PA Vianen Netherlands,http://www.nedsense.com/english/default.asp
AMSTERDAM COMMOD.,"3000, ConsumerGoods","Amsterdam Commodities N.V. WTC - 10th floor 37 Beursplein PO Box 30156 NL-3001 DD Rotterdam, Zuid-Holland Netherlands",http://www.acomo.nl
V LANSCHOT KEMPEN,"8000, Financials",Van Lanschot Kempen 29 Hooge Steenweg Po Box 1021 NL-5200 HC Hertogenbosch Netherlands,https://www.vanlanschotkempen.com/en
DPA GROUP,"2000, Industrials",DPA Group NV 11 Gatwickstraat NL-1043 GL Amsterdam Netherlands,http://www.dpa.nl
CORBION,"3000, ConsumerGoods",Corbion N.V 127 Piet Heinkade PO Box 349 NL-1019 GM Amsterdam Netherlands,http://www.corbion.com/
WDP,"8000, Financials","Warehouses De Pauw Blakebergen 15 BE-1861 Wolvertem, Meise, Vlaams-Brabant Belgium",http://www.wdp.be
MAREL,"2000, Industrials",Marel hf. 9 Austurhraun IS-210 Gardabaer Iceland,https://marel.com/
ACCSYS,"2000, Industrials",Accsys Technologies PLC Brettenham House 19 Lancaster Place WC2E 7EN London United Kingdom,http://www.accsysplc.com
BASIC-FIT,"5000, Consumer Services",Basic-Fit NV 60 Wegalaan NL-2132 JC Hoofddorp Netherlands,http://corporate.basic-fit.com
B&S Group,"5000, Consumer Services",B&S Group 14 Rue de Strachen LU-6933 Mensdorf Luxembourg,https://www.bs-group-sa.com
WESSANEN,"3000, ConsumerGoods","Wessanen Atlas Arena - Asïa building, 2nd floor 5 Hoogoorddreef PO Box 12795 NL-1101 BA Amsterdam Netherlands",http://www.wessanen.com
AVANTIUM,"1000, BasicMaterials",Avantium N.V. 29 Zekeringstraat NL-1014 BV Amsterdam Netherlands,http://www.avantium.com
HEINEKEN HOLDING,"3000, ConsumerGoods",Heineken Holding 5 Tweede Weteringplantsoen PO Box 28 NL-1017 ZD Amsterdam Netherlands,http://www.heinekeninternational.com
ROODMICROTEC,"9000, Technology",RoodMicrotec N.V. 29 D1 Zutphenseweg NL-7418 AH Deventer Netherlands,https://www.roodmicrotec.com/en/
NIBC HOLDING,"8000, Financials",NIBC Holding 4 Carnegieplein PO Box 380 NL-2517 The Hague Netherlands,https://www.nibc.com
ALUMEXX N.V.,"9000, Technology",Alumexx N.V. 30 Leerlooierstraat NL-4871 EN Etten-Leur Netherlands,http://www.phelixnv.com/home
INTERTRUST,"8000, Financials",Intertrust 200 Prins Bernhardplein PO Box 990 NL-1000 AZ Amsterdam Netherlands,http://www.intertrustgroup.com
BETER BED,"5000, Consumer Services",Beter Bed Holding NV 27 Linie PO Box 716 NL-5400 AS Uden Netherlands,https://beterbedholding.com/
TKH GROUP,"2000, Industrials",TKH Group N.V. 15 Spinnerstraat PO Box 5 NL-7480 AA Haaksbergen Netherlands,http://www.tkhgroup.com
BRUNEL INTERNAT,"2000, Industrials",Brunel International NV 33 John M. Keynesplein PO Box 9081 NL-1066 EP Amsterdam Netherlands,https://www.brunelinternational.net/
ADYEN,"2000, Industrials",Adyen N.V. 6 Simon Carmiggeltstraat PO Box 10095 NL-1011 DJ Amsterdam Netherlands,http://www.adyen.com
KARDAN,"8000, Financials",Kardan 85B de Cuserstraat NL-1081 CN Amsterdam Netherlands,http://www.kardan.nl
VEON,"6000, Telecommunications",VEON 88 Claude Debussylaan NL-1082 MD Amsterdam Netherlands,https://veon.com
EUROCOMMERCIAL,"8000, Financials",Eurocommercial Properties 469 Herengracht Po Box 15542 NL-1017 BS Amsterdam Netherlands,http://www.eurocommercialproperties.com
KIADIS,"4000, HealthCare",Kiadis Pharma N.V. 25A Paasheuvelweg NL-1105 BP Amsterdam Netherlands,http://www.kiadis.com
PERSHING,"8000, Financials","Pershing Square Holdings 1st Floor Royal Chambers St. Julian s Avenue GY1 3JX St. Peter Port, Guernsey, Channel Islands United Kingdom",http://pershingsquareholdings.com
HEIJMANS,"2000, Industrials","Heijmans 65 Graafsebaan Po Box 2 NL-5240 BB Rosmalen, Noord-Brabant Netherlands",http://www.heijmans.nl
ARCADIS,"2000, Industrials",Arcadis NV 97-103 Gustav Mahlerplein PO Box 7895 NL-1082 MS Amsterdam Netherlands,http://www.arcadis.com
FORFARMERS,"3000, ConsumerGoods",ForFarmers 12 Kwinkweerd NL-7241 CW Lochem Netherlands,http://www.forfarmersgroup.eu
FLOW TRADERS,"8000, Financials",Flow Traders 9 Jacob Bontiusplaats NL-1018 LL Amsterdam Netherlands,www.flowtraders.com/investors
GRANDVISION,"5000, Consumer Services","GrandVision Tower C, 6th floor 1-80 Evert van de Beekstraat NL-1118 CL Schiphol Netherlands",http://www.grandvision.com
ASM INTERNATIONAL,"9000, Technology",ASM International 8 Versterkerstraat NL-1322 AP Almere Netherlands,http://www.asm.com
VOLKERWESSELS,"2000, Industrials",Koninklijke VolkerWessels 9 Podium NL-3826 PA Amersfoort Netherlands,https://www.volkerwessels.com
CURETIS,"4000, HealthCare","Curetis N.V. Max-Eyth-Strasse 42 DE-71088 Holzgerlingen, Baden-Württemberg Germany",http://www.curetis.com/en.html
BOUSSARD GAVAUDAN,"8000, Financials",Boussard and Gavaudan Holding Limited 1 VINE Street W1J 0AH London United Kingdom,https://www.bgholdingltd.com
IMCD,"1000, BasicMaterials","IMCD 32 Wilhelminaplein NL-3072 DE Rotterdam, Zuid-Holland Netherlands",http://www.imcdgroup.com
VOPAK,"2000, Industrials","Royal Vopak 10 Westerlaan PO Box 863 NL-3000 AW Rotterdam, Zuid-Holland Netherlands",http://www.vopak.com
ORDINA,"9000, Technology",Ordina 1 Ringwade PO Box 7101 NL-3439 LM Nieuwegein Netherlands,http://www.ordina.com/
TAKEAWAY,"5000, Consumer Services",Takeaway.com 80 Oosterdoksstraat NL-1011 DK Amsterdam Netherlands,https://corporate.takeaway.com
WERELDHAVE,"8000, Financials","Wereldhave WTC Schiphol, Tower A, 3rd floor 233 Boulevard Schiphol PO Box 75837 NL-1118 BH Schiphol Netherlands",http://www.wereldhave.com
BOSKALIS WESTMIN,"2000, Industrials","Boskalis Westminster NV 20 Rosmolenweg PO Box 43 NL-3350 AA Papendrecht, Zuid-Holland Netherlands",https://www.boskalis.com/
EURONEXT,"8000, Financials",Euronext N.V. 5 Beursplein. NL-1000 GD Amsterdam Netherlands,https://www.euronext.com
OCI,"2000, Industrials",OCI NV 19 Honthorststraat NL-1071 DC Amsterdam Netherlands,http://www.oci.nl
AALBERTS NV,"2000, Industrials",Aalberts NV 18 Stadsplateau PO Box 1218 NL-3521 AZ Utrecht Netherlands,http://www.aalberts.com
GALAPAGOS,"4000, HealthCare","Galapagos Generaal De Wittelaan L11 A3 BE-2800 Mechelen, Antwerpen Belgium",http://www.glpg.com
HEINEKEN,"3000, ConsumerGoods",Heineken 21 Tweede Weteringplantsoen PO Box 28 NL-1000 AA Amsterdam Netherlands,http://www.heinekeninternational.com
AMG,"2000, Industrials",AMG Advanced Metallurgical Group N.V. Toren C 1343 Strawinskylaan NL-1077 XX Amsterdam Netherlands,http://www.amg-nv.com
TOMTOM,"9000, Technology",TomTom 154 De ruijterkade NL-1011 AC Amsterdam Netherlands,http://www.tomtom.com
ASR NEDERLAND,"8000, Financials",ASR Nederland N.V. 10 Archimedeslaan PO Box 2072 NL-3584 BA Utrech Netherlands,http://asrnl.com
WOLTERS KLUWER,"5000, Consumer Services",Wolters Kluwer 2 Zuidpoolsingel PO Box 1030 NL-2400 BA Alphen aan den Rijn Netherlands,http://www.wolterskluwer.com
UNIBAIL-RODAMCO-WE,"8000, Financials",Unibail-Rodamco-Westfield 7 Place du Chancelier Adenauer FR-75016 Paris France,https://www.urw.com
FAGRON,"4000, HealthCare","Fagron Venecoweg 20A BE-9810 Nazareth, Oost-Vlaanderen Belgium",http://investors.fagron.com
SBM OFFSHORE,"0001, Oil & Gas",SBM Offshore 1-77 Evert van de Beekstraat PO Box 31 NL-1118 CL Schiphol Netherlands,http://www.sbmoffshore.com
SIGNIFY NV,"2000, Industrials",Signify 48 High Tech Campus NL-5656 AE Eindhoven Netherlands,http://www.signify.com/investors
APERAM,"1000, BasicMaterials",Aperam 12C Rue Guillaume Kroll LU-1882 Luxemburg Luxembourg,http://www.aperam.com
BE Semiconductor,"9000, Technology",BE Semiconductor Industries NV 6 Ratio NL-6921 RW Duiven Netherlands,https://www.besi.com/
RANDSTAD NV,"2000, Industrials",Randstad N.V. 25 Diemermere Po Box 12600 NL-1112 TC Diemen Netherlands,https://www.randstad.com
PROSUS,"9000, Technology",Prosus N.V. 105 Taurusavenue NL-2132 LS Hoofddorp Netherlands,https://www.prosus.com
AKZO NOBEL,"1000, BasicMaterials",Akzo Nobel N.V. 2 Christian Neefestraat PO Box 75730 NL-1077WW Amsterdam Netherlands,http://www.akzonobel.com
FUGRO,"0001, Oil & Gas",Fugro N.V. 10 Veurse Achterweg NL-2264 SG Leidschendam Netherlands,http://www.fugro.com
DSM KON,"1000, BasicMaterials",Royal DSM 1 Het Overloon PO Box 6500 NL-6401 JH Heerlen Netherlands,http://www.dsm.com
ASML HOLDING,"9000, Technology",ASML Holding N.V. 6501 De Run NL-5504 DR Veldhoven Netherlands,http://www.asml.com
SAINT GOBAIN,"2000, Industrials",Saint-Gobain Les Miroirs 18 Avenue d&#039;Alsace FR-92400 Courbevoie France,http://www.saint-gobain.com
NN GROUP,"8000, Financials",NN Group N.V. 65 Schenkkade PO Box 93604 NL-2595 AS Den Haag Netherlands,https://www.nn-group.com
RELX,"5000, Consumer Services",RELX 1-3 Strand WC2N 5JR London United Kingdom,http://www.relx.com
UNILEVER,"3000, ConsumerGoods","Unilever N.V. 455 Weena PO Box 760 NL-3000 DK Rotterdam, Zuid-Holland Netherlands",http://www.unilever.com
AIR FRANCE -KLM,"5000, Consumer Services",Air France-KLM 2 Rue de Robert-Esnault-Pelterie BP 93290 FR-75007 Paris France,http://www.airfranceklm.com
BAM GROEP KON,"2000, Industrials",Royal BAM Group 9 Runnenburg PO Box 20 NL-3981 AZ Bunnik Netherlands,http://www.bam.nl
PHARMING GROUP,"4000, HealthCare","Pharming Group 24 Darwinweg POBox 451 NL-2333 CR Leiden, Zuid-Holland Netherlands",http://www.pharming.com
ABN AMRO BANK N.V.,"8000, Financials",ABN AMRO Bank N.V. 10 Gustav Mahlerlaan PO Box 283 NL-1082 PP Amsterdam Netherlands,https://www.abnamro.com
AHOLD DEL,"5000, Consumer Services",Ahold Delhaize N.V. 11 Provincialeweg NL-1506 MA Zaandam Netherlands,http://www.ahold.com
ALTICE EUROPE N.V.,"6000, Telecommunications",Altice Europe N.V. 200 Prins Bernhardplein NL-1097 JB Amsterdam Netherlands,http://www.altice.net
ROYAL DUTCH SHELLA,"0001, Oil & Gas",Royal Dutch Shell 30 Carel van Bylandtlaan PO Box 162 NL-2596 HR Den Haag Netherlands,http://www.shell.com
POSTNL,"2000, Industrials",PostNL 23 Prinses Beatrixlaan NL-2595 AK Den Haag Netherlands,http://www.postnl.nl
AEGON,"8000, Financials",Aegon N.V. 50 Aegonplein PO Box 85 NL-2591 TV Den Haag Netherlands,http://www.aegon.com
KPN KON,"6000, Telecommunications",Royal KPN 123 Wilhelminakade PO Box 30000 NL-3072 AP Rotterdam Netherlands,http://www.kpn.com
ARCELORMITTAL SA,"1000, BasicMaterials",ArcelorMittal 24-26 Boulevard d&#039;Avranches LU-1160 Luxemburg Luxembourg,http://www.arcelormittal.com
ING GROEP N.V.,"8000, Financials",ING Groep N.V. Amsterdamse Poort 888 Bijlmerplein PO Box 1800 NL-1102 MG Amsterdam Netherlands,http://www.ing.com
HOSTELWORLD GROUP,"5000, Consumer Services","Hostelworld Group plc One Central Park IE-D18 Dublin, Leinster Ireland",http://www.hostelworldgroup.com
MINCON GROUP PLC,"2000, Industrials","Mincon Group plc Smithstown Industrial Estate IE- Shannon, Clare Ireland",http://www.mincon.com
DRAPER ESPRIT PLC,"8000, Financials",Draper Esprit plc 20 Garrick Street WC2E 9BT London United Kingdom,https://draperesprit.com/investors/plc
DONEGAL INVESTMENT,"3000, ConsumerGoods","Donegal Investment Group plc Ballyraine IE- Letterkenny, Donegal Ireland",http://www.donegaligroup.com/investor-centre
MALIN CORP. PLC,"4000, HealthCare",Malin Corporation 2 Harbour Square IE-A96 D6R0 Dun Laoghaire Ireland,http://www.malinplc.com
ABBEY PLC,"3000, ConsumerGoods","Abbey plc 9 Abbey House Main Street IR- Clonee, Meath Ireland",http://abbeyplc.ie
CPL RESOURCES PLC.,"2000, Industrials","Cpl Resources 8-34 Percy Place IE-DO4 P5K3 Dublin, Leinster Ireland",http://www.cpl.ie
ORIGIN ENT. PLC,"3000, ConsumerGoods","Origin Enterprises Plc Citywest Business Campus 4-6 Riverwalk IE-D24 Dublin, Leinster Ireland",http://www.originenterprises.ie
FBD HOLDINGS PLC,"8000, Financials","FBD Holdings Fbd House Bluebell IE-D12 Dublin, Leinster Ireland",http://www.fbdgroup.com
FLUTTER ENTERTAIN,"5000, Consumer Services","Flutter Entertainment plc Power Tower, Belfield Office Park Beech Hill Road IE-D4 Dublin, Leinster Ireland",https://www.flutter.com
KERRY GROUP PLC,"3000, ConsumerGoods","Kerry Group Tralee Prince&#039;&#039;s Street IE-M Kerry, Munster Ireland",http://www.kerrygroup.com
APPLEGREEN PLC,"0001, Oil & Gas","Applegreen plc Block 17 Joyce Way IE-D12 Dublin, Leinster Ireland",http://applegreenstores.com/ie
ARYZTA AG,"3000, ConsumerGoods","Aryzta 41 Talacker CH-8001 Zürich, Zürich Switzerland",http://www.aryzta.com
UNIPHAR PLC,"4000, HealthCare",Uniphar Plc Citywest Business Park 4045 Kingswood Road IE-D24 VO6K Dublin Ireland,https://www.uniphar.ie/
KINGSPAN GROUP PLC,"2000, Industrials","Kingspan Group Kingscourt Dublin Road IE- Cavan, Ulster Ireland",http://www.kingspan.com
SMURFIT KAPPA GP,"2000, Industrials","Smurfit Kappa Group Beech hill, Clonskeagh 4 IE-D4 Dublin, Leinster Ireland",http://www.smurfitkappa.com
GREENCOAT REN.,"8000, Financials","Greencoat Renewables Riverside One Sir John Rogerson s Quay IE-D2 Dublin, Leinster Ireland",http://www.greencoat-renewables.com
IRISH RES. PROP.,"8000, Financials","Irish Residential Properties REIT Unit 4B Lazer Lane Grand Canal Square IE-D2 Dublin, Leinster Ireland",http://www.iresreit.ie
PERM. TSB GP. HOLD,"8000, Financials","Permanent TSB Group Holdings plc 56-59 Saint Stephen s Green IE-D2 Dublin, Leinster Ireland",http://www.permanenttsbgroup.ie
TOTAL PRODUCE PLC,"5000, Consumer Services","Total Produce Charles McCann Building Rampart Road IE- Dundalk, Leinster Ireland",http://www.totalproduce.com
IRISH CONT. GP.,"5000, Consumer Services","Irish Continental Group Ferryport Alexandra Road IE-D1 Dublin, Leinster Ireland",http://www.icg.ie
GLANBIA PLC,"3000, ConsumerGoods","Glanbia plc Glanbia House Ring Road IE-R95 E866 Kilkenny, Leinster Ireland",http://www.glanbia.com
HIBERNIA REIT PLC,"8000, Financials","Hibernia REIT plc South Dock House, Hanover Quay IE-D02 XW94 Dublin, Leinster Ireland",https://www.hiberniareit.com
GREEN REIT PLC,"8000, Financials","Green REIT 32 Molesworth Street IE-DO2 Y512 Dublin, Leinster Ireland",http://www.greenpropertyreit.com
CRH PLC ord,"2000, Industrials",CRH PLC 42 Fitzwilliam Square IE-D02 R279 Dublin 2 Ireland,https://www.crh.com/investors
BANK OF IRELAND GP,"8000, Financials","Bank of Ireland Group plc 40 Mespil Road IE-D4 Dublin, Leinster Ireland",http://www.bankofireland.ie
DALATA HOTEL GP.,"5000, Consumer Services","Dalata Hotel Group plc 4th Floor, Burton Court, Burton Hall Drive IE-D18 Y2T8 Sandyford,Dublin 18 Ireland",https://dalatahotelgroup.com/investors/
GLENVEAGH PROP.PLC,"2000, Industrials","Glenveagh Properties PLC 15 Merrion Square North IE-D1 Dublin, Leinster Ireland",http://www.glenveagh.ie
AIB GROUP PLC,"8000, Financials","Allied Irish Banks p.l.c. Bankcentre Ballsbridge PO Box 452 IE-D4 Dublin, Leinster Ireland",http://www.aibgroup.com
CAIRN HOMES PLC,"8000, Financials",Cairn Homes plc 7 Grand Canal Street IE-D02 KW81 Dublin 2 Ireland,https://www.cairnhomes.com
SPORTING,"5000, Consumer Services",Sporting Clube de Portugal-Futebol Rua Estadio José Alvalade PT-1600-616 Lisboa Portugal,http://www.sporting.pt
GLINTT,"9000, Technology","Glintt-Global Intelligent Technologies Beloura Office Park, Edifício 10 Quinta da Beloura PT-2710-693 Sintra Portugal",https://www.glintt.com
RYANAIR HOLD. PLC,"5000, Consumer Services","Ryanair Holdings Airside Business Park Swords IE-D Swords, Leinster Ireland",https://investor.ryanair.com
SONAE IND.SGPS,"2000, Industrials","Sonae Industria, SGPS, SA Lugar do Espido Via Norte - Apartado 1096 PT-4470-177 Maia Portugal",http://www.sonaeindustria.com
VAA VISTA ALEGRE,"3000, ConsumerGoods",VAA-Vista Alegre Atlantis Lugar da Vista Alegre PT-3830-292 Ílhavo Portugal,https://vistaalegre.com/investidores/
TOYOTA CAETANO,"2000, Industrials",Toyota Caetano Avenida Vasco da Gama 1410 PT-4431-956 Vila Nova de Gaia Portugal,http://www.toyotacaetano.pt
Raize,"8000, Financials","Raize Serviços de Gestão S.A. Amoreiras, Torre 3, 17º piso Rua Tierno Galvan PT-1070-274 Lisboa Portugal",https://www.raize.pt
LISGRAFICA,"2000, Industrials","Lisgrafica - Impressão e Artes Graficas, SA Rua Consiglieri Pedroso 90 PT-2730-053 Barcarena Portugal",http://www.lisgrafica.pt
"IBERSOL,SGPS","5000, Consumer Services",Ibersol Edificio Peninsula Praça do Bom Sucesso 105/159 PT-4150-146 Porto Portugal,http://www.ibersol.pt/homepage/
BENFICA,"5000, Consumer Services",Sport Lisboa e Benfica-Futebol Estádio do Sport Lisboa e Benfica Avenida General Norton de Matos PT-1500-313 Lisboa Portugal,http://www.slbenfica.pt
"SONAECOM,SGPS","6000, Telecommunications",Sonaecom Lugar do Espido Via Norte PT-4470-177 Maia Portugal,http://www.sonaecom.pt
FUT.CLUBE PORTO,"5000, Consumer Services",Futebol Clube do Porto - Futebol SAD Estádio do Dragão Piso 3 Nascente PT-4350-415 Porto Portugal,http://www.fcporto.pt
"J.MARTINS,SGPS","5000, Consumer Services",Jeronimo Martins SGPS SA Rua Actor Antonio Silva 7 PT-1649-033 Lisboa Portugal,http://www.jeronimomartins.com
RAMADA,"1000, BasicMaterials","Ramada Investimentos e Indústria, S.A. Rua do General Norton de Matos 68 PT-4050-424 Porto Portugal",http://www.ramadainvestimentos.pt
MARTIFER,"2000, Industrials","Martifer SGPS, S.A. Zona Industrial Apartado 17 PT-3684-001 Oliveira de Frades Portugal",http://www.martifer.pt
GALP ENERGIA-NOM,"0001, Oil & Gas",Galp Energia Torre A Rua Tomás da Fonseca PT-1600-209 Lisboa Portugal,http://www.galpenergia.com
PHAROL,"6000, Telecommunications","PHarol, SGPS S.A. Edifício Amoreiras Square Rua Joshua Benoliel 1, 2C PT-1250-133 Lisboa Portugal",http://pharol.pt/en-us
THE NAVIGATOR COMP,"1000, BasicMaterials","The Navigator Company Mitrena, Apartado 55 PO Box 55 PT-2901-861 Setúbal Portugal",http://www.thenavigatorcompany.com
SONAE,"5000, Consumer Services",Sonae Lugar do Espido Via Norte PT-4471-909 Maia Portugal,http://www.sonae.pt
EDP,"7000, Utilities","EDP &#8203;&#8203;- Energias de Portugal, S.A. Avenida 24 de Julho 12 PT-1249-300 Lisboa Portugal",https://www.edp.com/en/
B.COM.PORTUGUES,"8000, Financials","Banco Comercial Portugues, S.A. Praça D. Joao 28 PT-4000-295 Porto Portugal",https://ind.millenniumbcp.pt
